feature,mean,std
size,66.09836065573771,33.96898533258927
num_agents,7.163934426229508,5.284311230049565
density,0.3950819672131147,0.22501455654784905
density_actual,0.3371499761466302,0.19743897859562187
LDD,0.032313620986549704,0.00640099314049509
BN,0.3400790033941394,0.32320236733699004
MC,0.5445782098381937,0.486116264010725
DLR,0.10644714698589615,0.17043485040098813
FRA,0.5955440628284919,0.21828354129257246
FPA,0.5601485900323031,0.2091055275314738
