{
  "means": [
    66.96907216494846,
    7.154639175257732,
    0.40103092783505173,
    0.35569771921878574,
    0.03261297680481536,
    0.3698871062563027,
    0.5084190117360573,
    0.1086771669888013,
    0.589635840063176,
    0.5545934653090994
  ],
  "stds": [
    33.47762866137037,
    5.247169499492413,
    0.22635381726372705,
    0.20611674665575314,
    0.006426553298997935,
    0.33607301461214967,
    0.48623836260821846,
    0.17592386620680614,
    0.2192636256922544,
    0.20849273554723433
  ],
  "feature_order": [
    "size",
    "num_agents",
    "density",
    "density_actual",
    "LDD",
    "BN",
    "MC",
    "DLR",
    "FRA",
    "FDA"
  ],
  "standardize": true
}