{
  "target": "success_rate",
  "new_intercept": 0.8498563938534148,
  "z_coeffs": {
    "size": -0.053114841431693365,
    "num_agents": 0.2522555834547447,
    "density": -0.024373645110113036,
    "density_actual": -0.022860995775357107,
    "LDD": -0.07455248304868833,
    "BN": 0.04608927828640109,
    "MC": 0.08999452177843661,
    "DLR": 0.07483901107179369,
    "FRA": 0.04616983038496823,
    "FPA": 0.05103388422320293
  },
  "complexity_intercept": 0.15014360614658517,
  "complexity_coeffs": {
    "size": 0.053114841431693365,
    "num_agents": -0.2522555834547447,
    "density": 0.024373645110113036,
    "density_actual": 0.022860995775357107,
    "LDD": 0.07455248304868833,
    "BN": -0.04608927828640109,
    "MC": -0.08999452177843661,
    "DLR": -0.07483901107179369,
    "FRA": -0.04616983038496823,
    "FPA": -0.05103388422320293
  },
  "scaler": {
    "feature_order": [
      "size",
      "num_agents",
      "density",
      "density_actual",
      "LDD",
      "BN",
      "MC",
      "DLR",
      "FRA",
      "FPA"
    ],
    "means": [
      66.96907216494846,
      7.154639175257732,
      0.40103092783505173,
      0.35569771921878574,
      0.03261297680481536,
      0.3698871062563027,
      0.5084190117360573,
      0.1086771669888013,
      0.589635840063176,
      0.5545934653090994,
      4.07219808078027,
      5605.6082474226805,
      1.686420186723124,
      78.72164948453609,
      -1.1423504884201399,
      0.21206185567010302,
      -1.1967811986033048,
      0.16900498070939807,
      -3.4446837862332913,
      0.0011049068433762871,
      -1.5085599604368762,
      0.24976154252515947,
      -2.78406716157264,
      0.49491763676659045,
      -3.579617196182805,
      0.04275993332586208,
      -0.6057167644140011,
      0.39574696143872046,
      -0.6693217510068529,
      0.351043132539524,
      464.49484536082474,
      27.282474226804133,
      26.693755366158083,
      2.209362361231993,
      30.312655110594378,
      23.01173925017378,
      5.20723823186953,
      39.16528994945486,
      37.365147121993125,
      2.855670103092783,
      2.4460453413058416,
      0.23053915797153515,
      2.480197188872574,
      3.9092885396427928,
      1.4941713441379356,
      4.249371552364906,
      3.9902719888763603,
      0.17559805364833914,
      0.013753750596661136,
      0.19907743748601278,
      0.1547587223455595,
      0.049924608256606134,
      0.18691195112624573,
      0.17550703924819236,
      0.0124022444663833,
      0.2003459145314075,
      0.09791710948408236,
      0.03814747308739653,
      0.17793711975514326,
      0.1681079521452796,
      0.013416370959608948,
      0.014429118271727784,
      0.0035146092615855333,
      0.018571347327509268,
      0.01747028133044548,
      0.04549645083386427,
      0.036813729879564,
      0.16926535737850476,
      0.16098041845657185,
      0.07089055322507479,
      0.34640126356345863,
      0.3209346793839147,
      0.05843789349665729,
      0.05374518501110082,
      0.37254926019517826,
      16.536082474226806,
      278.5900834560629,
      240.18427951629775,
      2169.0417574595504,
      413.5014368178748,
      27873.98536716054,
      14901.535077403647,
      135.19854168592948,
      142.30038296588248,
      0.14320231958762888,
      31.1222385861561,
      28.41557772561581,
      232.68782668540666,
      53.9234904204835,
      1763.3198566485135,
      428.211257012181,
      14.226810652177429,
      15.277613822688432,
      0.007597723367697596,
      0.09690721649484535,
      1.2349949729224572,
      11.980395076625983,
      2.082780230135487,
      172.24126544251183,
      42.83060191884415,
      0.9813922798220254,
      1.0524974338838033,
      0.00587059059610956,
      0.08846457307463489,
      1.0684475667046314,
      10.50928483070109,
      1.5394196027246054,
      176.63244945055197,
      44.76704263670402,
      0.8283997005599989,
      0.8783122794911649,
      0.0006211519593110831,
      0.007962095074860724,
      0.1232644410484216,
      0.11446735174032541,
      0.20127498745180383,
      10.15030626491522,
      4.5315181055951195,
      0.0664858915638998,
      0.07097696117327462,
      0.005230857628814338,
      0.09336624909700283,
      0.8797442450777179,
      0.8297574234999681,
      10.411950692947615,
      229.35265416344623,
      45.508911805883166,
      0.9170117366842429,
      0.9664980963040973,
      0.01352221674529632,
      0.11708454202279334,
      3.007465322823675,
      2.7211726336937367,
      18.414026620262646,
      5.983689413676831,
      63.059538855784986,
      0.8656845690798223,
      0.9505666726758754,
      0.0026888207957042696,
      0.009688625934010393,
      0.4040019925040762,
      0.41373982623487204,
      3.4100870931118785,
      0.8162483300563775,
      20.213523805553613,
      0.24190782612697237,
      0.26434194398920835,
      0.011619328445926383,
      0.14275782828576697,
      3.1730568966583226,
      2.5562446231847624,
      19.823846296590116,
      4.951282660721055,
      105.00870887352869,
      109.32318273644384,
      1.0663685836252899,
      0.010773890161386834,
      0.13442165116946994,
      2.985237002977469,
      2.402038767000035,
      18.671492373175173,
      4.6390402374954895,
      101.24500171511308,
      105.38211527826861,
      0.9389812312992729
    ],