{
  "n_estimators": 1816,
  "learning_rate": 0.0053232299211020085,
  "max_depth": 6,
  "min_child_weight": 0.20729992399432282,
  "subsample": 0.9402610289114062,
  "colsample_bytree": 0.5423284147000396,
  "gamma": 0.006500517220826585,
  "reg_alpha": 0.00012280181695816018,
  "reg_lambda": 0.012588382893726364
}