{
  "n_estimators": 695,
  "learning_rate": 0.03625103213479223,
  "max_depth": 7,
  "min_child_weight": 0.012688824927209004,
  "subsample": 0.8339202400330544,
  "colsample_bytree": 0.7219553809569905,
  "gamma": 0.009244517219627976,
  "reg_alpha": 0.0001226335487477732,
  "reg_lambda": 0.0008961264560235076
}