{
  "feature_importance": {
    "map_size": 0.019422346726059914,
    "map_area": 0.019685138016939163,
    "num_agents": 0.01859818957746029,
    "agent_density": 0.018555594608187675,
    "density": 0.008524040691554546,
    "FRA": 0.0454680509865284,
    "FRA_sq": 0.03392883017659187,
    "FDA": 0.3216949701309204,
    "FDA_sq": 0.27659735083580017,
    "FRAxFDA": 0.014583679847419262,
    "FRA_per_area": 0.014993313699960709,
    "FDA_per_area": 0.028641777113080025,
    "FRAxAgentDens": 0.01673741079866886,
    "FDAxAgentDens": 0.008163275197148323,
    "BN": 0.062114112079143524,
    "MC": 0.0922919362783432
  },
  "linear_weights": {
    "map_size": 0.17483766684293406,
    "map_area": -0.09229096742027221,
    "num_agents": 0.002123334608154679,
    "agent_density": -0.0070618788948271435,
    "density": -0.12081836755437453,
    "FRA": 0.7567367026639549,
    "FRA_sq": 27.603126038989178,
    "FDA": -0.9503512818966057,
    "FDA_sq": 25.754662491139474,
    "FRAxFDA": -53.34676277472408,
    "FRA_per_area": -3.6618188331034283,
    "FDA_per_area": 3.514311428910493,
    "FRAxAgentDens": 0.5873000171251572,
    "FDAxAgentDens": -0.5934661049795193,
    "BN": -0.09100277171026093,
    "MC": 0.014503211313763052
  },
  "used_features": [
    "map_size",
    "map_area",
    "num_agents",
    "agent_density",
    "density",
    "FRA",
    "FRA_sq",
    "FDA",
    "FDA_sq",
    "FRAxFDA",
    "FRA_per_area",
    "FDA_per_area",
    "FRAxAgentDens",
    "FDAxAgentDens",
    "BN",
    "MC"
  ],
  "stage_quantile_edges": [
    0.25206610560417175,
    0.49793386459350586,
    0.7561983466148376
  ],
  "best_model": "xgboost"
}