feature,weight_norm
density,0.9527688411760853
density_actual,0.01904543855708483
LDD,0.011365191324479976
MC,0.01058846371055496
size,0.006232065231794946
DLR,0.0
num_agents,0.0
BN,0.0
